Model - TRUE_SA_WID_MSE_DL_ALPH5_B4_NUM2_GAMMA_NOT02_DC,F0,F1,F2,F3,F4,F5,JS
epoch_1.pth,0.0071978,0.013456,0.017535,0.021516,0.026425,0.030781,0.0039834
epoch_3.pth,0.24637,0.47011,0.56205,0.62015,0.67034,0.69168,0.14183
epoch_5.pth,0.21883,0.41413,0.49655,0.54856,0.59589,0.61777,0.12393
epoch_7.pth,0.25188,0.46894,0.55885,0.61446,0.66053,0.6823,0.14504
epoch_9.pth,0.26319,0.49375,0.58538,0.64109,0.68724,0.71008,0.15274
epoch_11.pth,0.20875,0.40774,0.49098,0.54207,0.58618,0.60763,0.1174
epoch_13.pth,0.24191,0.45626,0.54602,0.60119,0.64569,0.6652,0.13873
epoch_15.pth,0.25147,0.48346,0.58105,0.64173,0.69016,0.71309,0.14534