Model - TRUE_SA_B4_DL_DC_ALPH5_NO_MSE,F0,F1,F2,F3,F4,F5,JS
epoch_1.pth,0.28391,0.54234,0.63761,0.69105,0.73122,0.74973,0.16728
epoch_11.pth,0.30883,0.56538,0.65616,0.70797,0.74905,0.76848,0.18468
epoch_13.pth,0.30944,0.56451,0.65614,0.70618,0.74718,0.76579,0.1852
epoch_15.pth,0.3052,0.56697,0.6603,0.7132,0.75589,0.77547,0.1821
epoch_3.pth,0.30949,0.57607,0.6703,0.72058,0.7589,0.77682,0.18513
epoch_5.pth,0.30313,0.56601,0.66108,0.71578,0.75756,0.77689,0.18058
epoch_7.pth,0.30998,0.57107,0.66193,0.71318,0.75324,0.77208,0.18547
epoch_9.pth,0.30659,0.56087,0.65124,0.70163,0.74191,0.7606,0.18328